CV1,CV2,CV3,CV4,dom
0.057672665287552,0.0527774466932788,0.0576508783902373,0.0764743629128356,DOM1
0.0574373445978429,0.0540027160020929,0.0544555778343129,0.0694632163899859,DOM2
0.0540913026563474,0.055909395759088,0.046323698744558,0.061797747027267,DOM3
