CV1,CV2,dom
0.0912025758203854,0.0872116433736362,DOM1
0.10863432289307,0.112550282670963,DOM2
